[Ljava.lang.String;@4c3e4790
[Ljava.lang.String;@38cccef
[Ljava.lang.String;@5679c6c6
[Ljava.lang.String;@27ddd392
[Ljava.lang.String;@19e1023e
[Ljava.lang.String;@7cef4e59
[Ljava.lang.String;@64b8f8f4
[Ljava.lang.String;@2db0f6b2
[Ljava.lang.String;@3cd1f1c8
[Ljava.lang.String;@3a4afd8d
[Ljava.lang.String;@1996cd68
[Ljava.lang.String;@3339ad8e
[Ljava.lang.String;@555590
[Ljava.lang.String;@6d1e7682
[Ljava.lang.String;@424c0bc4
[Ljava.lang.String;@3c679bde
[Ljava.lang.String;@16b4a017
[Ljava.lang.String;@8807e25
[Ljava.lang.String;@2a3046da
[Ljava.lang.String;@2a098129
[Ljava.lang.String;@198e2867
[Ljava.lang.String;@12f40c25
[Ljava.lang.String;@3ada9e37
[Ljava.lang.String;@5cbc508c
[Ljava.lang.String;@3419866c
[Ljava.lang.String;@63e31ee
[Ljava.lang.String;@68fb2c38
[Ljava.lang.String;@567d299b
[Ljava.lang.String;@2eafffde
[Ljava.lang.String;@59690aa4
[Ljava.lang.String;@6842775d
[Ljava.lang.String;@574caa3f
[Ljava.lang.String;@64cee07
[Ljava.lang.String;@1761e840
